{
    "problems": {
        "view_center_x": 138.11491589108152,
        "view_center_y": -52.61520605374535,
        "view_zoom": 1.2163783970479052
    }
}